{
  "S": {
    "direct": {
      "speed_mm_s": 29.67851008856399,
      "step_length_mm": 15.96182263416198,
      "straightness": 0.5152787167114563,
      "cot": 415.66825781877054,
      "coherence": 0.9869517494328902
    },
    "retrograde": {
      "speed_mm_s": 38.421935570413325,
      "step_length_mm": 30.019101724664054,
      "straightness": 0.7131186800018336,
      "cot": 227.42286214917755,
      "coherence": 0.9883199211678739
    }
  },
  "F": {
    "direct": {
      "speed_mm_s": 32.539847137031906,
      "step_length_mm": 12.40700957432565,
      "straightness": 0.36805913110742805,
      "cot": 687.4935393984512,
      "coherence": 0.9510018084427494
    },
    "retrograde": {
      "speed_mm_s": 39.98130506115359,
      "step_length_mm": 25.51796433415823,
      "straightness": 0.572885141434534,
      "cot": 346.6553921551666,
      "coherence": 0.9548145082348384
    }
  },
  "C": {
    "direct": {
      "speed_mm_s": 36.48603281212953,
      "step_length_mm": 14.164314336043589,
      "straightness": 0.37077760804190646,
      "cot": 535.1239388488681,
      "coherence": 0.9722537339743998
    },
    "retrograde": {
      "speed_mm_s": 36.39070722184978,
      "step_length_mm": 16.8686323650482,
      "straightness": 0.42086305634289045,
      "cot": 464.2298841178769,
      "coherence": 0.9746906459933792
    }
  }
}